variable_name,variable_label,value_labels
QKEY,QKEY,{}
NEW_Device_Type_W27,Wave 27 New Device Type,"{1.0: 'Mobile phone', 2.0: 'Tablet', 3.0: 'Desktop', 4.0: 'Phone (CATI)', 5.0: 'Mail'}"
LANGUAGE_W27,language,"{0.0: 'Not applicable', 9.0: 'English', 10.0: 'Spanish'}"
FORM_W27,FORM Selection,"{1.0: 'FORM 1', 2.0: 'FORM 2'}"
CAREREL_W27,"CAREREL. How likely is it that, at some point in your life, you will be responsible for caring for an aging parent or family member?","{1.0: 'Very likely', 2.0: 'Somewhat likely', 3.0: 'Not too likely', 4.0: 'Not at all likely', 5.0: 'I am already doing this', 99.0: 'Refused'}"
INDUSTRY_W27,"INDUSTRY. What industry or field do you currently work in? If you have multiple jobs, please choose the one that you consider to be your main or primary occupation.","{1.0: 'Hospitality or service', 2.0: 'Health care', 3.0: 'Manufacturing, mining, or construction', 4.0: 'Retail', 5.0: 'Education', 6.0: 'Banking, finance, accounting, real estate, or insurance', 7.0: 'Transportation', 8.0: 'Government, public administration or military', 9.0: 'Information/Technology', 10.0: 'Other', 11.0: 'Not currently employed', 99.0: 'Refused'}"
JOBDUTY_A_W27,JOBDUTY_A. Manual or physical labor (Does your work involve any of the following duties or tasks?),{1.0: 'Manual or physical labor'}
JOBDUTY_B_W27,JOBDUTY_B. Managing others (Does your work involve any of the following duties or tasks?),{1.0: 'Managing others'}
JOBDUTY_C_W27,JOBDUTY_C. Working directly with clients or customers (Does your work involve any of the following duties or tasks?),{1.0: 'Working directly with clients or customers'}
JOBDUTY_D_W27,JOBDUTY_D. Data processing or analysis (Does your work involve any of the following duties or tasks?),{1.0: 'Data processing or analysis'}
JOBDUTY_E_W27,JOBDUTY_E. None of these (Does your work involve any of the following duties or tasks?),{1.0: 'None of these'}
JOBDUTYREF_W27,No item in set selected for JOBDUTY (A-E),{99.0: 'Refused all items in set'}
KNOW1_W27,"KNOW1. Based on what you know, in the last 30 years has the total number of manufacturing jobs in the United States...","{1.0: 'Increased', 2.0: 'Decreased', 3.0: 'Stayed about the same', 99.0: 'Refused'}"
KNOW2_W27,"KNOW2. Based on what you know, in the last 30 years has the value of the goods and products manufactured in the United States...","{1.0: 'Increased', 2.0: 'Decreased', 3.0: 'Stayed about the same', 99.0: 'Refused'}"
PREDICTA_W27,PREDICTA. Do you think each of the following things will or will not happen in the next 20 years? Doctors will rely on computer programs to diagnose most diseases and determine treatments,"{1.0: 'Will definitely happen', 2.0: 'Will probably happen', 3.0: 'Will probably NOT happen', 4.0: 'Will definitely NOT happen', 99.0: 'Refused'}"
PREDICTB_W27,PREDICTB. Do you think each of the following things will or will not happen in the next 20 years? Most stores and retail businesses will be fully automated and involve little or no human interaction between customers and employees,"{1.0: 'Will definitely happen', 2.0: 'Will probably happen', 3.0: 'Will probably NOT happen', 4.0: 'Will definitely NOT happen', 99.0: 'Refused'}"
PREDICTC_W27,PREDICTC. Do you think each of the following things will or will not happen in the next 20 years? Most deliveries in cities will be made by robots or drones instead of humans,"{1.0: 'Will definitely happen', 2.0: 'Will probably happen', 3.0: 'Will probably NOT happen', 4.0: 'Will definitely NOT happen', 99.0: 'Refused'}"
PREDICTD_W27,"PREDICTD. Do you think each of the following things will or will not happen in the next 20 years? When people want to buy most common products, they will create them at home using a 3-D printer","{1.0: 'Will definitely happen', 2.0: 'Will probably happen', 3.0: 'Will probably NOT happen', 4.0: 'Will definitely NOT happen', 99.0: 'Refused'}"
CARS1_W27,"CARS1. How much have you seen or heard about the effort to develop driverless vehicles - that is, cars and trucks that can operate on their own without a human driver?","{1.0: 'A lot', 2.0: 'A little', 3.0: 'Nothing at all', 99.0: 'Refused'}"
CARS2_W27,"CARS2. Has what you've seen or heard about driverless vehicles been mostly positive, mostly negative, or a mix of both?","{1.0: 'Mostly positive', 2.0: 'Mostly negative', 3.0: 'A mix of both', 99.0: 'Refused'}"
CARS3A_W27,"CARS3A. How ENTHUSIASTIC are you, if at all, about the development of driverless vehicles?","{1.0: 'Very enthusiastic', 2.0: 'Somewhat enthusiastic', 3.0: 'Not too enthusiastic', 4.0: 'Not at all enthusiastic', 99.0: 'Refused'}"
CARS3B_W27,"CARS3B. How WORRIED are you, if at all, about the development of driverless vehicles?","{1.0: 'Very worried', 2.0: 'Somewhat worried', 3.0: 'Not too worried', 4.0: 'Not at all worried', 99.0: 'Refused'}"
CARS4_W27,"CARS4. How long, if ever, do you think it will take for MOST of the vehicles on the road to be driverless, rather than driven by humans?","{1.0: 'Less than 10 years', 2.0: '10 to less than 50 years', 3.0: '50 to less than 100 years', 4.0: '100 or more years', 5.0: 'It will never happen', 99.0: 'Refused'}"
CARS5_W27,"CARS5. Would you, personally, want to ride in a driverless vehicle if you had the opportunity?","{1.0: 'Yes', 2.0: 'No', 99.0: 'Refused'}"
CARS7A_W27,CARS7A. How safe would you feel sharing the road with a driverless passenger vehicle?,"{1.0: 'Very safe', 2.0: 'Somewhat safe', 3.0: 'Not too safe', 4.0: 'Not safe at all', 99.0: 'Refused'}"
CARS7B_W27,CARS7B. How safe would you feel sharing the road with a driverless freight truck?,"{1.0: 'Very safe', 2.0: 'Somewhat safe', 3.0: 'Not too safe', 4.0: 'Not safe at all', 99.0: 'Refused'}"
CARS8_W27,"CARS8. If driverless vehicles become widespread, do you think that the number of people killed or injured in traffic accidents will increase, decrease, or stay about the same?","{1.0: 'Increase', 2.0: 'Decrease', 3.0: 'Stay about the same', 99.0: 'Refused'}"
CARS9A_W27,"CARS9A. Would you strongly favor, favor, oppose, or strongly oppose the following rules and regulations for driverless vehicles? Requiring them to travel in dedicated lanes","{1.0: 'Strongly favor', 2.0: 'Favor', 3.0: 'Oppose', 4.0: 'Strongly oppose', 99.0: 'Refused'}"
CARS9B_W27,"CARS9B. Would you strongly favor, favor, oppose, or strongly oppose the following rules and regulations for driverless vehicles? Restricting them from traveling near certain areas, such as schools","{1.0: 'Strongly favor', 2.0: 'Favor', 3.0: 'Oppose', 4.0: 'Strongly oppose', 99.0: 'Refused'}"
CARS9C_W27,"CARS9C. Would you strongly favor, favor, oppose, or strongly oppose the following rules and regulations for driverless vehicles? Requiring them to have a person in the driver's seat who could take control in an emergency situation","{1.0: 'Strongly favor', 2.0: 'Favor', 3.0: 'Oppose', 4.0: 'Strongly oppose', 99.0: 'Refused'}"
CARS10A_W27,"CARS10A. If driverless vehicles become widespread, which of the following do you think are likely to happen as a result? Elderly and disabled people will be able to live more independently","{1.0: 'Yes, likely', 2.0: 'No, not likely', 99.0: 'Refused'}"
CARS10B_W27,"CARS10B. If driverless vehicles become widespread, which of the following do you think are likely to happen as a result? Many people who drive for a living would lose their jobs","{1.0: 'Yes, likely', 2.0: 'No, not likely', 99.0: 'Refused'}"
CARS10C_W27,"CARS10C. If driverless vehicles become widespread, which of the following do you think are likely to happen as a result? Owning a car would become much less important to people","{1.0: 'Yes, likely', 2.0: 'No, not likely', 99.0: 'Refused'}"
CARS10D_W27,"CARS10D. If driverless vehicles become widespread, which of the following do you think are likely to happen as a result? Most people would never learn how to drive a car on their own","{1.0: 'Yes, likely', 2.0: 'No, not likely', 99.0: 'Refused'}"
CARS10E_W27,"CARS10E. If driverless vehicles become widespread, which of the following do you think are likely to happen as a result? There would be much less traffic in major cities","{1.0: 'Yes, likely', 2.0: 'No, not likely', 99.0: 'Refused'}"
WORK2_W27,"WORK2. On a different subject...Would you say that society generally places TOO MUCH importance on working and having a job, NOT ENOUGH importance on working and having a job, or is it just about right?","{1.0: 'Too much importance', 2.0: 'Not enough importance', 3.0: 'Just about right', 99.0: 'Refused'}"
WORK3A_W27,"WORK3A. Have the following technologies had a [positive impact, a negative impact / negative impact, positive impact], or no impact either way on you and your job or career? Industrial robots","{1.0: 'Positive impact', 2.0: 'Negative impact', 3.0: 'No impact either way', 99.0: 'Refused'}"
WORK3B_W27,"WORK3B. Have the following technologies had a [positive impact, a negative impact / negative impact, positive impact], or no impact either way on you and your job or career? Word processing or spreadsheet software","{1.0: 'Positive impact', 2.0: 'Negative impact', 3.0: 'No impact either way', 99.0: 'Refused'}"
WORK3C_W27,"WORK3C. Have the following technologies had a [positive impact, a negative impact / negative impact, positive impact], or no impact either way on you and your job or career? Email or social media","{1.0: 'Positive impact', 2.0: 'Negative impact', 3.0: 'No impact either way', 99.0: 'Refused'}"
WORK3D_W27,"WORK3D. Have the following technologies had a [positive impact, a negative impact / negative impact, positive impact], or no impact either way on you and your job or career? Software that manages your daily work schedule or routine","{1.0: 'Positive impact', 2.0: 'Negative impact', 3.0: 'No impact either way', 99.0: 'Refused'}"
WORK3E_W27,"WORK3E. Have the following technologies had a [positive impact, a negative impact / negative impact, positive impact], or no impact either way on you and your job or career? Smartphones","{1.0: 'Positive impact', 2.0: 'Negative impact', 3.0: 'No impact either way', 99.0: 'Refused'}"
WORK3F_W27,"WORK3F. Have the following technologies had a [positive impact, a negative impact / negative impact, positive impact], or no impact either way on you and your job or career? Technologies that help customers serve themselves on their own","{1.0: 'Positive impact', 2.0: 'Negative impact', 3.0: 'No impact either way', 99.0: 'Refused'}"
WORK4A_W27,"WORK4A. Thinking about how DEMANDING your work is, has technology generally made your work...","{1.0: 'More demanding', 2.0: 'Less demanding', 3.0: 'No impact either way', 99.0: 'Refused'}"
WORK4B_W27,"WORK4B. Thinking about how INTERESTING your work is, has technology generally made your work...","{1.0: 'More interesting', 2.0: 'Less interesting', 3.0: 'No impact either way', 99.0: 'Refused'}"
WORK4C_W27,"WORK4C. Thinking about opportunities for advancement in your career, do you feel that technology has...","{1.0: 'Increased your opportunities', 2.0: 'Decreased your opportunities', 3.0: 'No impact either way', 99.0: 'Refused'}"
ROBJOB1_W27,"ROBJOB1. Please consider the following scenario...New developments in robotics and computing are changing the nature of many jobs...How much have you heard, read, or thought about this idea before today?","{1.0: 'A lot', 2.0: 'A little', 3.0: 'Nothing at all', 99.0: 'Refused'}"
ROBJOB2_W27,"ROBJOB2. Based on what you know, does this concept seem...","{1.0: 'Extremely realistic', 2.0: 'Somewhat realistic', 3.0: 'Not very realistic', 4.0: 'Not at all realistic', 99.0: 'Refused'}"
ROBJOB3A_W27,"ROBJOB3A. How ENTHUSIASTIC are you, if at all, about this possibility for society as a whole?","{1.0: 'Very enthusiastic', 2.0: 'Somewhat enthusiastic', 3.0: 'Not too enthusiastic', 4.0: 'Not at all enthusiastic', 99.0: 'Refused'}"
ROBJOB3B_W27,"ROBJOB3B. How WORRIED are you, if at all, about this possibility for society as a whole?","{1.0: 'Very worried', 2.0: 'Somewhat worried', 3.0: 'Not too worried', 4.0: 'Not at all worried', 99.0: 'Refused'}"
ROBJOB4A_W27,ROBJOB4A. Do you think the following are likely or not likely to happen as a result? Inequality between rich and poor would be much worse than it is today,"{1.0: 'Yes, likely', 2.0: 'No, not likely', 99.0: 'Refused'}"
ROBJOB4B_W27,ROBJOB4B. Do you think the following are likely or not likely to happen as a result? People would have a hard time finding things to do with their lives,"{1.0: 'Yes, likely', 2.0: 'No, not likely', 99.0: 'Refused'}"
ROBJOB4C_W27,ROBJOB4C. Do you think the following are likely or not likely to happen as a result? People would be able to focus less on work and more on the things that really matter to them in life,"{1.0: 'Yes, likely', 2.0: 'No, not likely', 99.0: 'Refused'}"
ROBJOB4D_W27,ROBJOB4D. Do you think the following are likely or not likely to happen as a result? The economy as a whole would be much more efficient,"{1.0: 'Yes, likely', 2.0: 'No, not likely', 99.0: 'Refused'}"
ROBJOB4E_W27,"ROBJOB4E. Do you think the following are likely or not likely to happen as a result? The economy would create many new, better-paying jobs for humans","{1.0: 'Yes, likely', 2.0: 'No, not likely', 99.0: 'Refused'}"
ROBJOB4F_W27,ROBJOB4F. Do you think the following are likely or not likely to happen as a result? Humans would find their jobs more meaningful and fulfilling since machines would mostly be doing things that humans find unappealing,"{1.0: 'Yes, likely', 2.0: 'No, not likely', 99.0: 'Refused'}"
ROBJOB5A_W27,ROBJOB5A. Would you favor or oppose the following? If the federal government provided all Americans with a guaranteed income that would allow them to meet their basic needs,"{1.0: 'Strongly favor', 2.0: 'Favor', 3.0: 'Oppose', 4.0: 'Strongly oppose', 99.0: 'Refused'}"
ROBJOB5B_W27,ROBJOB5B. Would you favor or oppose the following? If robots and computers were mostly limited to doing jobs that are dangerous or unhealthy for humans to do,"{1.0: 'Strongly favor', 2.0: 'Favor', 3.0: 'Oppose', 4.0: 'Strongly oppose', 99.0: 'Refused'}"
ROBJOB5C_W27,"ROBJOB5C. Would you favor or oppose the following? If people had the option of paying extra to interact with a human, rather than a robot or computer, when buying a product or service","{1.0: 'Strongly favor', 2.0: 'Favor', 3.0: 'Oppose', 4.0: 'Strongly oppose', 99.0: 'Refused'}"
ROBJOB5D_W27,ROBJOB5D. Would you favor or oppose the following? If the federal government created a national service program that paid people to perform tasks even if a robot or computer could do those tasks faster or cheaper,"{1.0: 'Strongly favor', 2.0: 'Favor', 3.0: 'Oppose', 4.0: 'Strongly oppose', 99.0: 'Refused'}"
ROBJOB6_W27,"ROBJOB6. Which of the following statements best describes how you feel, even if neither is exactly right?","{1.0: 'The government would have an obligation to take care of people whose jobs are displaced by robots and computers...', 2.0: 'Individuals would have an obligation to take care of their own financial well-being, even if robots and computers...', 99.0: 'Refused'}"
ROBJOB7_W27,"ROBJOB7. Which of the following statements best describes how you feel, even if neither is exactly right?","{1.0: 'If businesses can receive better work at lower cost by replacing humans with robots and computers, they are justified...', 2.0: 'There should be limits on how many jobs businesses can replace with robots and computers, even if they can do those...', 99.0: 'Refused'}"
ROBJOB8A_W27,"ROBJOB8A. Do you think it is very likely, somewhat likely, not very likely, or not at all likely that the following jobs will be mostly replaced by robots or computers in your lifetime? Software engineer","{1.0: 'Very likely', 2.0: 'Somewhat likely', 3.0: 'Not very likely', 4.0: 'Not at all likely', 99.0: 'Refused'}"
ROBJOB8B_W27,"ROBJOB8B. Do you think it is very likely, somewhat likely, not very likely, or not at all likely that the following jobs will be mostly replaced by robots or computers in your lifetime? Legal clerk","{1.0: 'Very likely', 2.0: 'Somewhat likely', 3.0: 'Not very likely', 4.0: 'Not at all likely', 99.0: 'Refused'}"
ROBJOB8C_W27,"ROBJOB8C. Do you think it is very likely, somewhat likely, not very likely, or not at all likely that the following jobs will be mostly replaced by robots or computers in your lifetime? Nurse","{1.0: 'Very likely', 2.0: 'Somewhat likely', 3.0: 'Not very likely', 4.0: 'Not at all likely', 99.0: 'Refused'}"
ROBJOB8D_W27,"ROBJOB8D. Do you think it is very likely, somewhat likely, not very likely, or not at all likely that the following jobs will be mostly replaced by robots or computers in your lifetime? Construction worker","{1.0: 'Very likely', 2.0: 'Somewhat likely', 3.0: 'Not very likely', 4.0: 'Not at all likely', 99.0: 'Refused'}"
ROBJOB8E_W27,"ROBJOB8E. Do you think it is very likely, somewhat likely, not very likely, or not at all likely that the following jobs will be mostly replaced by robots or computers in your lifetime? Fast food worker","{1.0: 'Very likely', 2.0: 'Somewhat likely', 3.0: 'Not very likely', 4.0: 'Not at all likely', 99.0: 'Refused'}"
ROBJOB8F_W27,"ROBJOB8F. Do you think it is very likely, somewhat likely, not very likely, or not at all likely that the following jobs will be mostly replaced by robots or computers in your lifetime? Teacher","{1.0: 'Very likely', 2.0: 'Somewhat likely', 3.0: 'Not very likely', 4.0: 'Not at all likely', 99.0: 'Refused'}"
ROBJOB8G_W27,"ROBJOB8G. Do you think it is very likely, somewhat likely, not very likely, or not at all likely that the following jobs will be mostly replaced by robots or computers in your lifetime? Insurance claims processor","{1.0: 'Very likely', 2.0: 'Somewhat likely', 3.0: 'Not very likely', 4.0: 'Not at all likely', 99.0: 'Refused'}"
ROBJOB9_W27,"ROBJOB9. How likely, if at all, do you think it is that YOUR OWN job or profession will be mostly done by robots or computers in your lifetime?","{1.0: 'Very likely', 2.0: 'Somewhat likely', 3.0: 'Not very likely', 4.0: 'Not at all likely', 99.0: 'Refused'}"
WORK5A_W27,"WORK5A. Have you yourself ever lost a job because your employer replaced your position with a machine, robot or computer program?","{1.0: 'Yes', 2.0: 'No', 3.0: ""I'm not sure"", 99.0: 'Refused'}"
WORK5B_W27,"WORK5B. When you lost a job for this reason, was your next job...","{1.0: 'A job you liked better', 2.0: 'A job you liked worse', 3.0: 'A similar job', 4.0: 'Did not find a new job', 99.0: 'Refused'}"
WORK6_W27,"WORK6. Have you ever had your pay or hours reduced because your employer replaced some aspect of your job with a machine, robot or computer program?","{1.0: 'Yes', 2.0: 'No', 3.0: ""I'm not sure"", 99.0: 'Refused'}"
WORK7_W27,"WORK7. Do you personally KNOW anyone who has lost a job, or had their pay or hours reduced, because their employer replaced their work with a machine, robot or computer program?","{1.0: 'Yes', 2.0: 'No', 99.0: 'Refused'}"
CAREGIV1_W27,"CAREGIV1. Next, please consider the following scenario...Today, many older adults move into assisted living facilities when they can no longer live independently...How much have you heard, read, or thought about this idea before today?","{1.0: 'A lot', 2.0: 'A little', 3.0: 'Nothing at all', 99.0: 'Refused'}"
CAREGIV2_W27,"CAREGIV2. Based on what you know, does this concept seem...","{1.0: 'Extremely realistic', 2.0: 'Somewhat realistic', 3.0: 'Not very realistic', 4.0: 'Not at all realistic', 99.0: 'Refused'}"
CAREGIV3A_W27,"CAREGIV3A. How ENTHUSIASTIC are you, if at all, about this possibility for society as a whole?","{1.0: 'Very enthusiastic', 2.0: 'Somewhat enthusiastic', 3.0: 'Not too enthusiastic', 4.0: 'Not at all enthusiastic', 99.0: 'Refused'}"
CAREGIV3B_W27,"CAREGIV3B. How WORRIED are you, if at all, about this possibility for society as a whole?","{1.0: 'Very worried', 2.0: 'Somewhat worried', 3.0: 'Not too worried', 4.0: 'Not at all worried', 99.0: 'Refused'}"
CAREGIV4_W27,"CAREGIV4. Would you, personally, be interested in this type of robot caregiver for yourself or a member of your family?","{1.0: 'Yes', 2.0: 'No', 99.0: 'Refused'}"
CAREGIV6A_W27,"CAREGIV6A. If robot caregivers such as these were developed, do you think the following are likely or not likely to happen as a result? Young people would feel less worried about caring for their aging relatives","{1.0: 'Yes, likely', 2.0: 'No, not likely', 99.0: 'Refused'}"
CAREGIV6B_W27,"CAREGIV6B. If robot caregivers such as these were developed, do you think the following are likely or not likely to happen as a result? Society would save money on caring for older adults","{1.0: 'Yes, likely', 2.0: 'No, not likely', 99.0: 'Refused'}"
CAREGIV6C_W27,"CAREGIV6C. If robot caregivers such as these were developed, do you think the following are likely or not likely to happen as a result? Many older adults would treat their robot caregiver like a human friend","{1.0: 'Yes, likely', 2.0: 'No, not likely', 99.0: 'Refused'}"
CAREGIV6D_W27,"CAREGIV6D. If robot caregivers such as these were developed, do you think the following are likely or not likely to happen as a result? Older adults would feel more isolated than they do today","{1.0: 'Yes, likely', 2.0: 'No, not likely', 99.0: 'Refused'}"
CAREGIV6E_W27,"CAREGIV6E. If robot caregivers such as these were developed, do you think the following are likely or not likely to happen as a result? Older adults would feel more independent and self-sufficient","{1.0: 'Yes, likely', 2.0: 'No, not likely', 99.0: 'Refused'}"
CAREGIV6F_W27,"CAREGIV6F. If robot caregivers such as these were developed, do you think the following are likely or not likely to happen as a result? These robots would only be used by people who could not afford a human caregiver for their loved one","{1.0: 'Yes, likely', 2.0: 'No, not likely', 99.0: 'Refused'}"
CAREGIV7_W27,"CAREGIV7. Would you feel better, worse, or would it not make a difference if the robot caregiver in this scenario had a camera so that a human operator could monitor the situation at all times?","{1.0: 'Better', 2.0: 'Worse', 3.0: 'No difference', 99.0: 'Refused'}"
HIRING1_W27,"HIRING1. Today, when companies are hiring they typically have someone read applicants’ resumes and conduct personal interviews to choose the right person for the job...How much have you heard, read, or thought about this idea before today?","{1.0: 'A lot', 2.0: 'A little', 3.0: 'Nothing at all', 99.0: 'Refused'}"
HIRING2_W27,"HIRING2. Based on what you know, does this concept seem...","{1.0: 'Extremely realistic', 2.0: 'Somewhat realistic', 3.0: 'Not very realistic', 4.0: 'Not at all realistic', 99.0: 'Refused'}"
HIRING3A_W27,"HIRING3A. How ENTHUSIASTIC are you, if at all, about this possibility for society as a whole?","{1.0: 'Very enthusiastic', 2.0: 'Somewhat enthusiastic', 3.0: 'Not too enthusiastic', 4.0: 'Not at all enthusiastic', 99.0: 'Refused'}"
HIRING3B_W27,"HIRING3B. How WORRIED are you, if at all, about this possibility for society as a whole?","{1.0: 'Very worried', 2.0: 'Somewhat worried', 3.0: 'Not too worried', 4.0: 'Not at all worried', 99.0: 'Refused'}"
HIRING4_W27,"HIRING4. Would you, personally, want to apply for a job that used this type of computer program to make hiring decisions?","{1.0: 'Yes', 2.0: 'No', 99.0: 'Refused'}"
HIRING6A_W27,"HIRING6A. Do you think these computer programs would do a better job, a worse job, or do about the same as humans when it comes to… Hiring candidates who are well-qualified","{1.0: 'Better job than humans', 2.0: 'Worse job than humans', 3.0: 'About the same', 99.0: 'Refused'}"
HIRING6B_W27,"HIRING6B. Do you think these computer programs would do a better job, a worse job, or do about the same as humans when it comes to… Hiring candidates who fit well with the company's culture","{1.0: 'Better job than humans', 2.0: 'Worse job than humans', 3.0: 'About the same', 99.0: 'Refused'}"
HIRING6C_W27,"HIRING6C. Do you think these computer programs would do a better job, a worse job, or do about the same as humans when it comes to… Choosing candidates from a diverse range of backgrounds","{1.0: 'Better job than humans', 2.0: 'Worse job than humans', 3.0: 'About the same', 99.0: 'Refused'}"
HIRING6D_W27,"HIRING6D. Do you think these computer programs would do a better job, a worse job, or do about the same as humans when it comes to… Providing opportunities for candidates with non-traditional experiences","{1.0: 'Better job than humans', 2.0: 'Worse job than humans', 3.0: 'About the same', 99.0: 'Refused'}"
HIRING7A_W27,HIRING7A. If these computer programs included public data about each candidate - such as the material they post on social media - in making their evaluations,"{1.0: 'Better', 2.0: 'Worse', 3.0: 'No difference', 99.0: 'Refused'}"
HIRING7B_W27,"HIRING7B. If companies used these computer programs to conduct initial screenings of potential candidates, but then interviewed those candidates in the traditional way","{1.0: 'Better', 2.0: 'Worse', 3.0: 'No difference', 99.0: 'Refused'}"
VOICE1_W27,"VOICE1. On a final topic...Do you ever use a voice-controlled digital assistant, such as Apple Siri, Amazon Alexa, Google Assistant, or Microsoft Cortana?","{1.0: 'Yes', 2.0: 'No', 99.0: 'Refused'}"
VOICE2_1_W27,VOICE2_1. Smartphone (On what type of device do you use a digital assistant?),{1.0: 'Smartphone'}
VOICE2_2_W27,"VOICE2_2. A stand-alone device, like an Amazon Echo or Google Home (On what type of device do you use a digital assistant?)","{1.0: 'A stand-alone device, like an Amazon Echo or Google Home'}"
VOICE2_3_W27,VOICE2_3. Computer or tablet (On what type of device do you use a digital assistant?),{1.0: 'Computer or tablet'}
VOICE2_4_W27,VOICE2_4. Some other type of device (On what type of device do you use a digital assistant?),{1.0: 'Some other type of device'}
VOICE2REF_W27,No item in set selected for VOICE2 (1-4),{99.0: 'Refused all items in set'}
VOICE3_W27,"VOICE3. Do you ever use a digital assistant to control other devices in your home, such as a stereo, TV, thermostat, or lighting?","{1.0: 'Yes', 2.0: 'No', 99.0: 'Refused'}"
VOICE4_W27,"VOICE4. When you use digital assistants, how often do they accurately respond to your commands?","{1.0: 'Most of the time', 2.0: 'Some of the time', 3.0: 'Not very often', 99.0: 'Refused'}"
VOICE5A_W27,"VOICE5A. Which of the following, if any, are reasons why you use a voice-controlled digital assistant? It lets me use my phone or device while doing other things with my hands","{1.0: 'Major reason', 2.0: 'Minor reason', 3.0: 'Not a reason', 99.0: 'Refused'}"
VOICE5B_W27,"VOICE5B. Which of the following, if any, are reasons why you use a voice-controlled digital assistant? Spoken language feels more natural than typing","{1.0: 'Major reason', 2.0: 'Minor reason', 3.0: 'Not a reason', 99.0: 'Refused'}"
VOICE5C_W27,"VOICE5C. Which of the following, if any, are reasons why you use a voice-controlled digital assistant? It's easier for children to use","{1.0: 'Major reason', 2.0: 'Minor reason', 3.0: 'Not a reason', 99.0: 'Refused'}"
VOICE5D_W27,"VOICE5D. Which of the following, if any, are reasons why you use a voice-controlled digital assistant? It's fun","{1.0: 'Major reason', 2.0: 'Minor reason', 3.0: 'Not a reason', 99.0: 'Refused'}"
VOICE6_1_W27,"VOICE6_1. Privacy concerns (Which of the following, if any, are reasons why you do not use digital assistants?)",{1.0: 'Privacy concerns'}
VOICE6_2_W27,"VOICE6_2. Don't own any devices that offer this feature (Which of the following, if any, are reasons why you do not use digital assistants?)","{1.0: ""Don't own any devices that offer this feature""}"
VOICE6_3_W27,"VOICE6_3. Too complicated to use (Which of the following, if any, are reasons why you do not use digital assistants?)",{1.0: 'Too complicated to use'}
VOICE6_4_W27,"VOICE6_4. Just not interested (Which of the following, if any, are reasons why you do not use digital assistants?)",{1.0: 'Just not interested'}
VOICE6_5_W27,"VOICE6_5. Some other reason (Which of the following, if any, are reasons why you do not use digital assistants?)",{1.0: 'Some other reason'}
VOICE6_6_W27,"VOICE6_6. None of these (Which of the following, if any, are reasons why you do not use digital assistants?)",{1.0: 'None of these'}
VOICE6REF_W27,No item in set selected for VOICE6 (1-6),{99.0: 'Refused all items in set'}
DRONE1_W27,DRONE1. On a final topic...Do you personally own a flying drone?,"{1.0: 'Yes', 2.0: 'No', 99.0: 'Refused'}"
DRONE2_W27,DRONE2. Have you ever seen someone operating a drone?,"{1.0: 'Yes', 2.0: 'No', 99.0: 'Refused'}"
DRONE3_1_W27,"DRONE3_1. Scared (If you happened to see a drone flying close to where you live, which of these emotions, if any, would you feel?)",{1.0: 'Scared'}
DRONE3_2_W27,"DRONE3_2. Nervous (If you happened to see a drone flying close to where you live, which of these emotions, if any, would you feel?)",{1.0: 'Nervous'}
DRONE3_3_W27,"DRONE3_3. Indifferent (If you happened to see a drone flying close to where you live, which of these emotions, if any, would you feel?)",{1.0: 'Indifferent'}
DRONE3_4_W27,"DRONE3_4. Interested (If you happened to see a drone flying close to where you live, which of these emotions, if any, would you feel?)",{1.0: 'Interested'}
DRONE3_5_W27,"DRONE3_5. Excited (If you happened to see a drone flying close to where you live, which of these emotions, if any, would you feel?)",{1.0: 'Excited'}
DRONE3_6_W27,"DRONE3_6. Curious (If you happened to see a drone flying close to where you live, which of these emotions, if any, would you feel?)",{1.0: 'Curious'}
DRONE3_7_W27,"DRONE3_7. Angry (If you happened to see a drone flying close to where you live, which of these emotions, if any, would you feel?)",{1.0: 'Angry'}
DRONE3_8_W27,"DRONE3_8. None of these (If you happened to see a drone flying close to where you live, which of these emotions, if any, would you feel?)",{1.0: 'None of these'}
DRONE3REF_W27,No item in set selected for DRONE3 (1-8),{99.0: 'Refused all items in set'}
DRONE4A_W27,DRONE4A. Do you think that private citizens should or should not be allowed to pilot drones in the following areas? Near people's homes,"{1.0: 'Should be allowed', 2.0: 'Should not be allowed', 3.0: 'It depends', 99.0: 'Refused'}"
DRONE4B_W27,DRONE4B. Do you think that private citizens should or should not be allowed to pilot drones in the following areas? Near crime scenes or traffic accidents,"{1.0: 'Should be allowed', 2.0: 'Should not be allowed', 3.0: 'It depends', 99.0: 'Refused'}"
DRONE4C_W27,DRONE4C. Do you think that private citizens should or should not be allowed to pilot drones in the following areas? On beaches,"{1.0: 'Should be allowed', 2.0: 'Should not be allowed', 3.0: 'It depends', 99.0: 'Refused'}"
DRONE4D_W27,DRONE4D. Do you think that private citizens should or should not be allowed to pilot drones in the following areas? In public parks,"{1.0: 'Should be allowed', 2.0: 'Should not be allowed', 3.0: 'It depends', 99.0: 'Refused'}"
DRONE4E_W27,"DRONE4E. Do you think that private citizens should or should not be allowed to pilot drones in the following areas? At events, like concerts or rallies","{1.0: 'Should be allowed', 2.0: 'Should not be allowed', 3.0: 'It depends', 99.0: 'Refused'}"
F_CREGION_FINAL,Census region based on self-reported zipcode,"{1.0: 'Northeast', 2.0: 'Midwest', 3.0: 'South', 4.0: 'West'}"
F_AGECAT_FINAL,Age category,"{1.0: '18-29', 2.0: '30-49', 3.0: '50-64', 4.0: '65+'}"
F_SEX_FINAL,Sex,"{1.0: 'Male', 2.0: 'Female', 9.0: 'Refused'}"
F_EDUCCAT_FINAL,Education level category,"{1.0: 'College graduate+', 2.0: 'Some college', 3.0: 'H.S. graduate or less', 9.0: ""Don't know/Refused""}"
F_EDUCCAT2_FINAL,Education level category 2,"{1.0: 'Less than high school', 2.0: 'High school graduate', 3.0: 'Some college, no degree', 4.0: 'Associate’s degree', 5.0: 'College graduate/some postgrad', 6.0: 'Postgraduate', 99.0: 'Don’t know/Refused'}"
F_HISP_RECRUITMENT,"HISP. Are you of Hispanic, Latino, or Spanish origin, such as Mexican, Puerto Rican or Cuban? - Includes RACE backcodes","{1.0: 'Yes', 2.0: 'No', 9.0: ""(VOL) Don't know/Refused""}"
F_RACECMB_RECRUITMENT,Combining Race,"{1.0: 'White', 2.0: 'Black or African-American', 3.0: 'Asian or Asian-American', 4.0: 'Mixed Race', 5.0: 'Or some other race', 9.0: ""Don't know/Refused (VOL.)""}"
F_RACETHN_RECRUITMENT,Race-Ethnicity,"{1.0: 'White non-Hispanic', 2.0: 'Black non-Hispanic', 3.0: 'Hispanic', 4.0: 'Other', 9.0: ""Don't know/Refused (VOL.)""}"
F_CITIZEN_RECODE_RECRUITMENT,Citizenship,"{1.0: 'US Citizen', 2.0: 'Not US Citizen', 9.0: 'DK US Citizen'}"
F_MARITAL_FINAL,Marital status,"{1.0: 'Married', 2.0: 'Living with a partner', 3.0: 'Divorced', 4.0: 'Separated', 5.0: 'Widowed', 6.0: 'Never been married', 99.0: 'DK/Ref'}"
F_RELIG_FINAL,Religion,"{1.0: 'Protestant', 2.0: 'Roman Catholic', 3.0: 'Mormon', 4.0: 'Orthodox', 5.0: 'Jewish', 6.0: 'Muslim', 7.0: 'Buddhist', 8.0: 'Hindu', 9.0: 'Atheist (do not believe in God)', 10.0: 'Agnostic (not sure if there is a God)', 11.0: 'Something else (SPECIFY)', 12.0: 'Nothing in particular', 13.0: '(VOL) Christian', 14.0: '(VOL) Unitarian (Universalist)', 99.0: ""(VOL) Don't know/Refused""}"
F_BORN_FINAL,"BORN. Would you describe yourself as a born-again or evangelical Christian, or not?","{1.0: 'Yes, born-again or evangelical Christian', 2.0: 'No, not born-again or evangelical Christian', 99.0: 'DK/Ref'}"
F_ATTEND_FINAL,Religious service attendance,"{1.0: 'More than once a week', 2.0: 'Once a week', 3.0: 'Once or twice a month', 4.0: 'A few times a year', 5.0: 'Seldom', 6.0: 'Never', 99.0: ""(VOL) Don't know/Refused""}"
F_PARTY_FINAL,Party,"{1.0: 'Republican', 2.0: 'Democrat', 3.0: 'Independent', 4.0: 'Something else', 99.0: 'Refused'}"
F_PARTYLN_FINAL,Party lean,"{1.0: 'The Republican Party', 2.0: 'The Democratic Party', 99.0: 'Refused'}"
F_PARTYSUM_FINAL,Party summary,"{1.0: 'Rep/lean Rep', 2.0: 'Dem/lean Dem', 9.0: 'DK/Ref-no lean'}"
F_INCOME_FINAL,Income,"{1.0: 'Less than $10,000', 2.0: '10 to under $20,000', 3.0: '20 to under $30,000', 4.0: '30 to under $40,000', 5.0: '40 to under $50,000', 6.0: '50 to under $75,000', 7.0: '75 to under $100,000', 8.0: '100 to under $150,000 [OR]', 9.0: '$150,000 or more', 99.0: ""(VOL) Don't know/Refused""}"
F_INCOME_RECODE_FINAL,Income recode,"{1.0: '$75,000+', 2.0: '$30-$74,999', 3.0: '<$30,000', 99.0: ""Don't know/Refused""}"
F_REG_FINAL,Registered voter,"{1.0: 'You are ABSOLUTELY CERTAIN that you are registered to vote at your current address', 2.0: 'You are PROBABLY registered, but there is a chance your registration has lapsed', 3.0: 'You are NOT registered to vote at your current address', 99.0: 'Refused'}"
F_IDEO_FINAL,Ideology,"{1.0: 'Very conservative', 2.0: 'Conservative', 3.0: 'Moderate', 4.0: 'Liberal', 5.0: 'Very liberal', 99.0: 'Refused'}"
F_IDEOCONSISTREC_RECRUITMENT,Ideological consistency recode,"{1.0: 'Consistent Lib', 2.0: 'Lean Lib', 3.0: 'Inconsistent', 4.0: 'Lean Cons', 5.0: 'Consistent Cons'}"
F_INTUSER_FINAL,Household internet status,"{0.0: 'Not Internet User', 1.0: 'Internet User'}"
F_INSURANCE_FINAL,Health insurance status,"{1.0: 'Covered by health insurance', 2.0: 'Not covered by health insurance', 99.0: 'Refused'}"
F_INT_FREQ1_FINAL,INT_FREQ1. How often did you USUALLY access the Internet over the last year?,"{1.0: 'Every day', 2.0: 'At least once a week but not every day', 3.0: 'Once a week', 4.0: 'Once a month', 5.0: 'Less than once a month', 6.0: 'Never', 99.0: 'Refused'}"
F_INT_FREQCOMB_FINAL,Frequency of Internet use combined,"{1.0: 'Use the Internet constantly', 2.0: 'Use the Internet many times a day', 3.0: 'Use the Internet a few times a day', 4.0: 'Use the Internet about once a day', 5.0: 'Use the Internet at least once a week but not every day', 6.0: 'Use the Internet once a week', 7.0: 'Use the Internet once a month', 8.0: 'Use the Internet less than once a month', 9.0: 'Never use the Internet'}"
F_SNSUSER_FINAL,Social Media Users,"{1.0: 'Social Media Users', 2.0: 'Not Social Media Users'}"
F_BBINT_RF1,"BBINT. Does your household currently subscribe to some type of high-speed internet service (such as cable internet, DSL, FIOS, or satellite internet service), not including a data plan you might have for a cell phone?","{1.0: 'Yes, have high-speed internet service at home', 2.0: 'No, do not have high-speed internet service', 3.0: 'Not sure', 99.0: 'Refused'}"
pos_m1_cars6,CARS6 positive mention1,"{1.0: 'Safety', 2.0: 'Can do other things while driving', 3.0: 'For the experience', 4.0: 'Independence', 5.0: 'Less stressul', 6.0: 'Good for long trips', 7.0: 'Convenience', 98.0: 'Other', 99.0: 'Refused / No answer'}"
pos_m2_cars6,CARS6 positive mention2,"{1.0: 'Safety', 2.0: 'Can do other things while driving', 3.0: 'For the experience', 4.0: 'Independence', 5.0: 'Less stressul', 6.0: 'Good for long trips', 7.0: 'Convenience', 98.0: 'Other', 99.0: 'Refused / No answer'}"
pos_m3_cars6,CARS6 positive mention3,"{1.0: 'Safety', 2.0: 'Can do other things while driving', 3.0: 'For the experience', 4.0: 'Independence', 5.0: 'Less stressul', 6.0: 'Good for long trips', 7.0: 'Convenience', 98.0: 'Other', 99.0: 'Refused / No answer'}"
CARS6pos1,CARS6pos1 Safety (What is the main reason you would want to ride in a driverless vehicle),{1.0: 'More safe'}
CARS6pos2,CARS6pos2 Can do other things while driving (What is the main reason you would want to ride in a driverless vehicle),{1.0: 'Can do other things while driving'}
CARS6pos3,CARS6pos3 For the experience (What is the main reason you would want to ride in a driverless vehicle),{1.0: 'For the experience'}
CARS6pos4,CARS6pos4 Independence (What is the main reason you would want to ride in a driverless vehicle),{1.0: 'Greater independence'}
CARS6pos5,CARS6pos5 Less stressful (What is the main reason you would want to ride in a driverless vehicle),{1.0: 'Less stressful'}
CARS6pos6,CARS6pos6 Good for long trips (What is the main reason you would want to ride in a driverless vehicle),{1.0: 'Good for long trips'}
CARS6pos7,CARS6pos7 Convenience (What is the main reason you would want to ride in a driverless vehicle),{1.0: 'Convenience'}
CARS6posOther,CARS6posOther Other (What is the main reason you would want to ride in a driverless vehicle),{98.0: 'Other'}
CARS6posREF,CARS6posREF Refused / No answer (What is the main reason you would want to ride in a driverless vehicle),{99.0: 'Refused / No answer'}
neg_m1_cars6,CARS6 negative mention1,"{1.0: 'Safety', 2.0: 'Enjoy driving', 3.0: 'Technology not ready', 4.0: 'Potential for hacking', 5.0: 'Trust/Control issues', 98.0: 'Other', 99.0: 'Refused / No answer'}"
neg_m2_cars6,CARS6 negative mention2,"{1.0: 'Safety', 2.0: 'Enjoy driving', 3.0: 'Technology not ready', 4.0: 'Potential for hacking', 5.0: 'Trust/Control issues', 6.0: 'Other', 99.0: 'Refused / No answer'}"
neg_m3_cars6,CARS6 negative mention3,"{1.0: 'Safety', 2.0: 'Enjoy driving', 3.0: 'Technology not ready', 4.0: 'Potential for hacking', 5.0: 'Trust/Control issues', 6.0: 'Other', 99.0: 'Refused / No answer'}"
CARS6neg1,CARS6neg1 Safety (What is the main reason you would NOT want to ride in a driverless vehicle),{1.0: 'Safety concerns'}
CARS6neg2,CARS6neg2 Enjoy driving (What is the main reason you would NOT want to ride in a driverless vehicle),{1.0: 'Enjoy driving'}
CARS6neg3,CARS6neg3 Technology not ready yet (What is the main reason you would NOT want to ride in a driverless vehicle),{1.0: 'Technology not developed enough yet'}
CARS6neg4,CARS6neg4 Potential for hacking (What is the main reason you would NOT want to ride in a driverless vehicle),{1.0: 'Worries about hacking'}
CARS6neg5,CARS6neg5 Trust/Control issues (What is the main reason you would NOT want to ride in a driverless vehicle),{1.0: 'Lack of trust / No control'}
CARS6negOther,CARS6neg6 Other (What is the main reason you would NOT want to ride in a driverless vehicle),{1.0: 'Other'}
CARS6negREF,CARS6negREF Refused / No answer (What is the main reason you would NOT want to ride in a driverless vehicle),{99.0: 'Refused'}
HIRING5pos_m1,HIRING5 positive mention1,"{1.0: 'More fair', 2.0: 'Already in use', 3.0: 'I would score well', 4.0: 'Would do whatever it took', 5.0: 'Better decisions', 98.0: 'Other', 99.0: 'Refused / No answer'}"
HIRING5pos_m2,HIRING5 positive mention2,"{1.0: 'More fair', 2.0: 'Already in use', 3.0: 'I would score well', 4.0: 'Would do whatever it took', 5.0: 'Better decisions', 98.0: 'Other', 99.0: 'Refused / No answer'}"
HIRING5pos_m3,HIRING5 positive mention3,"{1.0: 'More fair', 2.0: 'Already in use', 3.0: 'I would score well', 4.0: 'Would do whatever it took', 5.0: 'Better decisions', 98.0: 'Other', 99.0: 'Refused / No answer'}"
HIRING5pos1,HIRING5pos1 More fair / Less biased (What is the main reason you would want to use a hiring algorithm?),{1.0: 'More fair / less biased'}
HIRING5pos2,HIRING5pos2 They are already being used (What is the main reason you would want to use a hiring algorithm?),{1.0: 'Already being used'}
HIRING5pos3,HIRING5pos3 I would score well (What is the main reason you would want to use a hiring algorithm?),{1.0: 'I would score well'}
HIRING5pos4,HIRING5pos4 Would do what it took to get the job (What is the main reason you would want to use a hiring algorithm?),{1.0: 'Would do what it took to get the job'}
HIRING5pos5,HIRING5pos5 Would make better decisions than humans (What is the main reason you would want to use a hiring algorithm?),{1.0: 'Would make better decisions than humans'}
HIRING5posOTHER,HIRING5posOTHER Other (What is the main reason you would want to use a hiring algorithm?),{98.0: 'Other'}
HIRING5posREF,HIRING5posREF Refused / No answer (What is the main reason you would want to use a hiring algorithm?),{99.0: 'Refused / No answer'}
HIRING5neg_m1,HIRING5 negative mention1,"{1.0: ""Can't capture everything about applicant"", 2.0: 'Applicants can game system', 3.0: 'More biased', 4.0: 'Too impersonal', 5.0: 'Not in job market', 6.0: 'Would not score well', 98.0: 'Other', 99.0: 'Refused / No answer'}"
HIRING5neg_m2,HIRING5 negative mention2,"{1.0: ""Can't capture everything about applicant"", 2.0: 'Applicants can game system', 3.0: 'More biased', 98.0: 'Other', 99.0: 'Refused / No answer'}"
HIRING5neg1,HIRING5neg1 Can't capture everything about applicant (What is the main reason you would not want to use a hiring algorithm?),"{1.0: ""Can't capture everything about applicant""}"
HIRING5neg2,HIRING5neg2 Applicants can game system (What is the main reason you would not want to use a hiring algorithm?),{1.0: 'Applicants can game system'}
HIRING5neg3,HIRING5neg3 More biased (What is the main reason you would not want to use a hiring algorithm?),{1.0: 'More biased'}
HIRING5neg4,HIRING5neg4 Too impersonal (What is the main reason you would not want to use a hiring algorithm?),{1.0: 'Too impersonal'}
HIRING5neg5,HIRING5neg5 Not in job market (What is the main reason you would not want to use a hiring algorithm?),{1.0: 'Not in job market'}
HIRING5neg6,HIRING5neg6 Would not score well (What is the main reason you would not want to use a hiring algorithm?),{1.0: 'Would not score well'}
HIRING5negOTHER,HIRING5negOTHER Other (What is the main reason you would not want to use a hiring algorithm?),{98.0: 'Other'}
HIRING5negREF,HIRING5negREF Refused (What is the main reason you would not want to use a hiring algorithm?),{99.0: 'Refused / No answer'}
CAREGIV5pos_m1,CAREGIV5 positive mention1,"{1.0: 'Save money', 2.0: 'Always available', 3.0: 'Reduce burden on family', 4.0: 'Greater independence', 5.0: 'Better quality of care', 6.0: 'Can do physically challenging tasks', 7.0: 'Good for those with no family nearby', 8.0: 'Companion', 9.0: 'Safety / Security', 10.0: 'Household assistance', 11.0: 'Cool factor', 98.0: 'Other', 99.0: 'Refused / No answer'}"
CAREGIV5pos_m2,CAREGIV5 positive mention2,"{1.0: 'Save money', 2.0: 'Always available', 3.0: 'Reduce burden on family', 4.0: 'Greater independence', 5.0: 'Better quality of care', 6.0: 'Can do physically challenging tasks', 7.0: 'Good for those with no family nearby', 8.0: 'Companion', 9.0: 'Safety / Security', 10.0: 'Household assistance', 11.0: 'Cool factor', 98.0: 'Other', 99.0: 'Refused / No answer'}"
CAREGIV5pos_m3,CAREGIV5 positive mention3,"{1.0: 'Save money', 2.0: 'Always available', 3.0: 'Reduce burden on family', 4.0: 'Greater independence', 5.0: 'Better quality of care', 6.0: 'Can do physically challenging tasks', 7.0: 'Good for those with no family nearby', 8.0: 'Companion', 9.0: 'Safety / Security', 10.0: 'Household assistance', 11.0: 'Cool factor', 98.0: 'Other', 99.0: 'Refused / No answer'}"
caregiv5pos1,CAREGIV5pos1 Cost (What is the main reason you would want to use a robot caregiver),{1.0: 'Cost'}
caregiv5pos2,CAREGIV5pos2 Always available (What is the main reason you would want to use a robot caregiver),{1.0: 'Always available'}
caregiv5pos3,CAREGIV5pos3 Reduce burden on family (What is the main reason you would want to use a robot caregiver),{1.0: 'Reduce burden on family'}
caregiv5pos4,CAREGIV5pos4 Would help older people be more independent (What is the main reason you would want to use a robot caregiver),{1.0: 'Help older people be more independent'}
caregiv5pos5,CAREGIV5pos5 Better quality of care (What is the main reason you would want to use a robot caregiver),{1.0: 'Better quality of care'}
caregiv5pos6,CAREGIV5pos6 Can do tasks that humans find physically challenging (What is the main reason you would want to use a robot caregiver),{1.0: 'Can do physically challenging tasks'}
caregiv5pos7,CAREGIV5pos7 Good for those with no family or no family nearby (What is the main reason you would want to use a robot caregiver),"{1.0: 'Good for people with no family, or no family nearby'}"
caregiv5pos8,CAREGIV5pos8 Would be good companion (What is the main reason you would want to use a robot caregiver),{1.0: 'Would be good companion'}
caregiv5pos9,CAREGIV5pos9 Safety/Security (What is the main reason you would want to use a robot caregiver),{1.0: 'Safety/Security'}
caregiv5pos10,CAREGIV5pos10 Household assistance (What is the main reason you would want to use a robot caregiver),{1.0: 'Household assistance'}
caregiv5pos11,CAREGIV5pos11 Cool factor (What is the main reason you would want to use a robot caregiver),{1.0: 'Cool factor'}
caregiv5posOther,CAREGIV5posOther Other (What is the main reason you would want to use a robot caregiver),{98.0: 'Other'}
caregiv5posREF,CAREGIV5posREF Refused / No answer (What is the main reason you would want to use a robot caregiver),{99.0: 'Refused / No answer'}
CAREGIV5neg_m1,CAREGIV5 negative mention1,"{1.0: 'Human factor lacking', 2.0: 'Cost', 3.0: 'Worried about errors', 4.0: 'Not advanced enough yet', 5.0: ""Caregiving is family's job"", 6.0: ""Just don't like it"", 98.0: 'Other', 99.0: 'Refused / No answer'}"
CAREGIV5neg_m2,CAREGIV5 negative mention2,"{1.0: 'Human factor lacking', 2.0: 'Cost', 3.0: 'Worried about errors', 4.0: 'Not advanced enough yet', 5.0: ""Caregiving is family's job"", 6.0: ""Just don't like it"", 98.0: 'Other', 99.0: 'Refused / No answer'}"
caregiv5neg1,CAREGIV5neg1 No human touch (What is the main reason you would not want to use a robot caregiver),{1.0: 'No human touch'}
caregiv5neg2,CAREGIV5neg2 Cost (What is the main reason you would not want to use a robot caregiver),{1.0: 'Cost'}
caregiv5neg3,CAREGIV5neg3 Possibility of errors (What is the main reason you would not want to use a robot caregiver),{1.0: 'Possibility of errors'}
caregiv5neg4,CAREGIV5neg4 Not advanced enough yet (What is the main reason you would not want to use a robot caregiver),{1.0: 'Not advanced enough yet'}
caregiv5neg5,CAREGIV5neg5 Caregiving is family's job (What is the main reason you would not want to use a robot caregiver),"{1.0: ""Caregiving is family's job""}"
caregiv5neg6,CAREGIV5neg6 Just don't like it (What is the main reason you would not want to use a robot caregiver),"{1.0: ""Just don't like it""}"
caregiv5neg7,CAREGIV5neg7 Would scare people with dementia (What is the main reason you would not want to use a robot caregiver),{1.0: 'Would scare people with dementia'}
caregiv5negOther,CAREGIV5negOther Other (What is the main reason you would not want to use a robot caregiver),{98.0: 'Other'}
caregiv5negREF,CAREGIV5negREF Refused / No answer(What is the main reason you would not want to use a robot caregiver),{99.0: 'DK/REF'}
WORKCAT_11,STEM (Coded response to WORK1),{1.0: 'STEM'}
WORKCAT_12,"Science, general (Coded response to WORK1)","{1.0: 'Science, general'}"
WORKCAT_13,Technology (Coded response to WORK1),{1.0: 'Technology'}
WORKCAT_14,Mathematics (Coded response to WORK1),{1.0: 'Mathematics'}
WORKCAT_15,Engineering (Coded response to WORK1),{1.0: 'Engineering'}
WORKCAT_16,Health care or medicine (Coded response to WORK1),{1.0: 'Health care or medicine'}
WORKCAT_21,"Business, general (Coded response to WORK1)",{1.0: 'Business (general)'}
WORKCAT_22,"Accounting, finance, banking (Coded response to WORK1)","{1.0: 'Accounting, finance, banking'}"
WORKCAT_31,Skilled trades (Coded response to WORK1),{1.0: 'Skilled trades'}
WORKCAT_41,"Government, public service (Coded response to WORK1)",{1.0: 'Government and public service'}
WORKCAT_42,"Education, teacher, professor (Coded response to WORK1)","{1.0: 'Education, teacher'}"
WORKCAT_43,Military (Coded response to WORK1),{1.0: 'Military'}
WORKCAT_51,"Law, lawyer, law enforcement (Coded response to WORK1)","{1.0: 'Law, lawyer, law enforcement'}"
WORKCAT_61,Follow your passion (Coded response to WORK1),{1.0: 'Something that interests you'}
WORKCAT_62,Job that matches your skills (Coded response to WORK1),{1.0: 'Job that matches your skills'}
WORKCAT_63,A good job (Coded response to WORK1),{1.0: 'A good job'}
WORKCAT_64,Depends on the individual (Coded response to WORK1),{1.0: 'Depends on the individual'}
WORKCAT_65,Don't be a [X] (Coded response to WORK1),"{1.0: ""Don't follow a certain profession""}"
WORKCAT_66,Need a college education (Coded response to WORK1),{1.0: 'Need a college education'}
WORKCAT_67,Focus on broad skills (Coded response to WORK1),{1.0: 'Focus on broad skills'}
WORKCAT_68,Something that helps others (Coded response to WORK1),{1.0: 'Something that helps others'}
WORKCAT_23,Entrepreneur / Start own business (Coded response to WORK1),{1.0: 'Start own business'}
WORKCAT_99,Other responses (Coded response to WORK1),"{97.0: 'Other', 98.0: ""Don't know / Not sure"", 99.0: 'Refused'}"
WEIGHT_W27,Wave 27 weight,{}
